AnoMes,QtdePixcontestados,Qtdecontestacoesaceitas,Qtdecontestacoesrejeitadas,Qtdecontestacoesaceitasacada100mil,QtdeUsuarioscommarcacoesdefraude,QtdeChavesPixcommarcacoesdefraude,ValorPixcontestadosaceitos,QuantidadedevolvidaintegralmentepormeiodoMED,ValorPixdevolvidosintegralmente,QuantidadedevolvidaparcialmentepormeiodoMED,ValorPixdevolvidosparcialmente,ValorPixresidualnaodevolvido,Quantidadedenaodevolvidossaldoinsuficiente,ValorPixnaodevolvidossaldoinsuficiente,Quantidadedenaodevolvidoscontaencerrada,Valornaodevolvidoscontaencerrada,Quantidadedenaodevolvidosmotivosdiversos,ValorPixnaodevolvidosmotivosdiversos,PercentualdeDevolucao,QtdePixbloqueadoscautelarmenteeliberados,ValorPixbloqueadoscautelarmenteeliberados,QtdePixbloqueadoscautelarmenteedevolvidos,ValorPixbloqueadoscautelarmenteedevolvidos
202201,71508,57777,13731,5.284,20839,22973,122558868.28,5673,4261762.1,12396,2227049.21,30642980.34,30679,62078174.01,5074,15573593.85,3955,7775308.77,5.29,35045,24780856.85,20904,10049037.94
202202,78636,60680,17956,5.22,21998,23743,136034158.58,5301,5355273.06,12710,2792891.25,36512804.21,33078,64183561.85,6190,17471344.77,3401,9718283.44,5.99,35082,29383993.38,19507,11319480.0
202203,134963,105015,29948,7.708,33117,36307,216939856.12,11074,10998092.06,19244,6013211.68,53390491.71,53516,102721129.78,13035,22737501.12,8146,21079429.77,7.84,28239,17914248.63,23376,10421977.05
202204,152636,114763,37873,8.082,29722,32622,178163735.34,11816,8494563.65,16606,3582905.43,35551526.02,52193,80683685.64,24293,31755819.62,9855,18095234.98,6.78,26460,22823420.1,15415,12057882.31
202205,229400,149005,80395,9.46,32683,36217,224857927.69,12682,8179939.0,21154,4156308.1,48017737.19,60416,95495330.17,43379,47191483.62,11374,21817129.61,5.49,27002,29038731.29,15715,13576390.05
202206,190206,146526,43680,8.969,34877,38696,223677609.87,14496,15034322.97,24087,4462077.23,51696995.11,64210,106415826.85,36153,31009773.99,7580,15058613.72,8.72,32811,33167882.59,18467,17579643.41
202207,186055,142493,43562,8.143,35323,38842,213715054.18,14196,9793327.15,25003,4361098.23,53735560.12,67988,110122475.65,27813,19687049.22,7493,16015543.81,6.62,34405,37857432.76,18602,17093850.35
202208,218131,155021,63110,8.339,37664,39624,233907823.75,17412,10759053.55,26429,4878295.45,60227217.75,96609,132036028.33,6372,7950282.81,8199,18056945.86,6.69,49015,91541170.38,17540,15113669.91
202209,196376,137731,58645,7.167,37743,41441,220824276.9,14856,12832651.52,27792,6476548.2,59960422.07,83451,118977922.78,3758,5635763.97,7874,16940968.36,8.74,764838,2416123454.85,17978,19775721.36
202210,199364,147113,52251,7.18,40129,43176,232190741.27,14840,15522803.17,30768,6667304.82,66006092.49,84845,115100297.48,3066,4548681.65,13594,24345561.66,9.56,1057638,3385436880.05,17377,21824839.66
202211,215663,155175,60488,7.376,41334,44711,243995119.62,14426,13685909.73,33648,6575795.57,68845684.75,82176,125224549.55,3266,4412596.66,21659,25250583.36,8.3,709026,2421843031.51,17194,23638676.36
202212,272183,184605,87578,7.618,47922,52255,777577423.07,16987,14551837.02,37553,7705261.98,84157455.25,99919,624318329.56,3745,5705066.08,26401,41139473.18,2.86,634734,2076862058.94,15423,24634551.76
202301,208926,140714,68212,6.446,45561,51322,254667303.59,14719,12605085.82,38578,7222005.07,86746595.81,71212,124930478.62,3005,4200532.56,13200,18962605.71,7.79,525446,1788573674.55,13319,18416367.69
202302,210489,141112,69377,6.552,42032,47574,248906751.4,13978,14631634.06,35781,9850732.78,82009265.44,79723,123972892.52,2359,3750191.95,9271,14692034.65,9.84,505719,1680164547.27,14459,24258552.18
202303,278688,185652,93036,7.292,48711,55133,322762922.86,19288,17933410.5,45083,10048435.55,103317883.9,108653,165860596.64,2759,3545763.75,9869,22056832.52,8.67,581218,1937159125.06,15723,21052793.56
202304,272840,179832,93008,7.139,47507,53141,340301283.61,17684,17104572.55,42461,13630556.5,99709372.14,103331,178103521.43,3437,5156941.41,12919,26596319.58,9.03,545284,1796742364.69,19054,18918241.3
202305,371822,261416,110406,9.475,55519,64061,421946678.04,23616,29141561.1,48335,10030452.15,105307394.76,163335,235659170.02,5521,6227236.58,20609,35580863.43,9.28,848336,2270163258.59,27916,25564788.55
202306,343010,201734,141276,7.058,52984,60485,319735983.5,20565,19854822.46,45271,10014782.56,92348212.06,112667,168997894.0,5427,6521280.82,17804,21998991.6,9.34,642657,2057838701.9,38280,25447693.6
202307,403428,230453,172975,7.488,59988,68213,343271986.06,20711,19533694.57,48569,9576716.17,96756107.98,142985,187038117.88,10104,11787422.19,8084,18579927.27,8.48,741278,2514488052.85,25250,27236857.68
202308,417673,232593,185080,7.095,59016,66356,410383099.54,19877,21458142.76,45482,11059998.24,103117215.0,146737,241494191.57,9327,11167749.01,11170,22085802.96,7.92,822115,2881497983.35,22109,25699809.96
202309,416665,220849,195816,6.59,52852,59025,387570686.82,25922,21169202.08,40415,10444199.74,98169251.11,138909,233421387.01,6924,8601110.1,8679,15765536.78,8.16,809754,2982357094.08,16913,18374840.38
202310,477914,244351,233563,6.874,53057,59185,455754645.95,31365,25891679.47,42908,15502650.07,103177021.25,156848,284472098.84,4420,6760640.81,8810,19950555.51,9.08,856152,3268296893.56,18276,24114675.31
202311,503379,238072,265307,6.425,62581,69331,442343343.2,30442,35898697.93,42233,11692922.99,95353230.9,150118,264617274.14,4602,5895454.34,10677,28885762.9,10.76,871656,3336258592.05,20972,19489843.81
202312,650701,297341,353360,7.057,68486,75549,405936605.9,63318,28032339.98,42314,8458293.45,79613494.61,172457,255843734.63,3409,4209982.92,15843,29778760.31,8.99,1086026,3970239966.5,20449,20432726.93
202401,795616,346693,448923,9.004,72731,80281,474119643.07,88862,27264748.79,43479,12637741.47,103901589.49,198643,298215764.79,2397,3884895.11,13312,28214903.42,8.42,962419,3453892895.09,59130,40638076.69
202402,684123,286689,397434,7.452,66244,73054,420843695.16,54685,20329838.97,38379,10869219.34,85507804.49,182946,280826402.92,2464,3313131.14,8223,19997298.3,7.41,872943,3420815999.64,38597,31522531.67
202403,757577,323645,433932,7.487,72306,80707,552456187.49,66372,29350165.04,44421,15658177.55,117722835.38,197298,351765152.56,4641,7093952.63,10913,30865904.33,8.15,965220,3860776510.74,31832,35621720.65
202404,780242,330887,449355,7.615,72062,80430,451711293.76,61539,23131456.96,41572,10640500.52,91696413.18,207254,282777552.33,4978,10107212.72,15544,33358158.05,7.48,1087652,4310520474.61,32729,55170664.3
202405,841711,346370,495341,7.496,78882,87448,537340697.53,51410,29102491.12,41749,18368850.46,109807160.53,225186,315625621.49,7460,9979213.15,20565,54457360.78,8.83,1073109,4119718259.69,70283,111371844.17
202406,924449,378357,546092,8.124,81239,89467,458419507.54,69067,26670045.76,42065,12659754.68,100631663.56,242595,280311264.93,7589,9915124.81,17041,28231653.8,8.58,1125431,4273620581.18,177834,92730251.24
202407,1176263,530753,645510,11.088,100793,112690,570192961.96,104935,29139817.57,55341,14460769.97,125571315.72,336459,358139703.79,12787,10492396.85,21231,32388958.06,7.65,1389278,4102671832.98,138672,63195271.79
202408,1146697,517930,628767,10.339,97290,110038,841884565.49,100372,51285171.91,56244,31845147.72,192182115.28,325681,462450530.94,19518,28952813.32,16115,75168786.32,9.87,1123852,1782124682.87,183984,75042406.83
202409,1159573,479645,679928,9.799,97114,107204,581604033.67,106211,28637603.24,53762,12713161.28,113296665.29,286864,389837177.85,21380,16802541.79,11428,20316884.22,7.11,1148756,1831473716.97,145244,44386085.85
202410,1262997,494691,768306,9.707,103507,116606,628578936.77,122792,39914254.85,62535,15032820.27,149179295.99,286993,387500452.18,8646,7460872.65,13725,29491240.83,8.74,1378029,1838605645.42,166090,110695319.13
202411,1408727,492066,916661,9.515,119786,136510,628694403.03,54160,24548545.83,67502,15490359.03,148327917.27,326645,406772752.41,17524,11105957.26,26235,22448871.23,6.37,1501594,1853547052.77,153860,56477502.31
202412,1356959,384501,972458,6.734,109437,122636,541233671.86,50368,27761889.91,61259,15069643.36,133465270.81,245855,315814973.46,9374,9441823.49,17645,39680070.83,7.91,1819851,3048110825.94,153870,71745569.44
202501,1343369,369828,973541,7.308,102414,113775,543390959.36,80327,28834067.69,62688,37215403.91,143463886.95,204394,301263670.95,6762,7171720.92,15657,25442208.94,12.16,1782209,2736819505.45,155642,69017998.47
202502,1101789,352628,749161,7.073,93750,102208,661738440.62,89039,20715832.37,57854,12267767.4,211162155.79,186080,377451669.27,4913,5987572.0,14742,34153443.79,4.98,1105557,2319125350.73,171470,137670045.73
202503,1237573,347156,890417,6.239,99927,108627,564202596.56,79557,18537850.49,61426,10213257.41,193180777.55,185539,308229638.62,4934,5573613.15,15700,28467459.34,5.1,1323202,2486389426.35,142680,78883122.82
202504,1393658,372501,1021157,6.654,101924,110426,603533084.35,80425,46416988.07,61822,21070310.64,171979806.98,213292,333728078.26,6685,7864899.3,10277,22473001.1,11.18,1496668,1875468163.06,361995,136605262.72
202505,1361178,308964,1052214,5.21,98893,107022,485908114.81,48643,38849444.74,62196,15702065.46,138655117.58,183181,264411463.27,5622,9604485.28,9322,18685538.48,11.23,2142208,2001599258.22,147043,119820677.55
202506,1258832,293725,965107,5.065,92691,100615,671387752.5,40093,34476615.69,58223,18910916.07,185680011.84,169625,317384512.26,11773,8884966.91,14011,106050729.73,7.95,1978649,2264774419.57,124620,149375198.03
202507,1328139,325959,1002180,5.435,106481,117217,698566565.98,57479,40389809.35,68581,28921543.8,217386184.23,176413,345866356.42,6961,12980548.19,16525,53022123.99,9.92,1674847,1950942151.81,104320,69748263.41
202508,1233713,285354,948359,4.573,99145,108567,727671388.95,48047,61592739.4,66563,26469176.43,237912863.59,154401,311768691.54,5964,13935492.94,10379,75992425.05,12.1,609171,1428395887.3,573308,184257268.52
202509,1243171,298711,944460,4.87,95140,103684,610598093.15,47398,34541200.24,61888,16473446.76,198279676.51,168610,317597358.2,6140,9160789.52,14675,34545621.92,8.35,457831,1618157239.94,134504,70257353.52
202510,3455784,367841,3087943,5.7,130576,138420,769476638.67,64143,45096016.71,77222,25520328.33,231032725.83,202681,406203604.37,8918,8753124.76,14877,52870838.67,9.18,1211584,2557165061.26,498353,129532059.74
202511,3504915,288569,3216346,4.466,108671,114759,859845116.12,49416,39058754.89,65751,19768356.72,206222644.22,152009,477269934.45,8155,33350600.32,13238,84174825.52,6.84,698446,2212438887.07,418580,155439048.12
202512,3771626,322522,3449104,4.543,105158,110824,573847480.1,52795,36932178.49,66959,18132897.18,177827522.62,183226,303001293.66,8235,8299089.51,11307,29654498.64,9.6,530773,3082295953.9,354882,80826967.84
202601,3181181,279033,2902148,4.384,92477,98561,723002049.55,43621,66089325.44,56310,45284079.58,189717378.31,154910,355848527.79,9400,12358751.79,14792,53703986.64,15.4,457528,1938631701.09,302819,92837232.68
202602,2813660,281572,2532088,4.704,86900,92220,655800700.81,42996,58309497.87,52307,28963292.33,181479547.04,142863,305143134.38,31492,14334459.01,11915,67570770.18,13.31,522579,3468396985.0,294267,106398755.23
202603,2925119,308790,2616329,4.58,94987,101267,705379056.55,43929,65660724.21,55531,27370647.11,171005790.35,193824,402955103.29,7498,11501938.4,8039,26884853.19,13.19,585679,4401783932.85,318056,132539711.25
202604,2960203,282995,2677208,4.236,87870,94153,598198926.46,39229,74635350.23,51794,22445241.45,149905885.31,172912,309149496.25,8584,12784586.62,10477,29278366.6,16.23,498417,5485194736.57,201040,111441791.31
