AnoMes,linhas,situacao
202201,52,ok
202202,51,ok
202203,50,ok
202204,49,ok
202205,48,ok
202206,0,falha_rede
202207,46,ok
202208,45,ok
202209,44,ok
202210,0,falha_rede
202211,42,ok
202212,0,falha_rede
202301,40,ok
202302,39,ok
202303,0,falha_rede
202304,0,falha_rede
202305,0,falha_rede
202306,0,falha_rede
202307,0,falha_rede
202308,0,falha_rede
202309,0,falha_rede
202310,0,falha_rede
202311,0,falha_rede
202312,0,falha_rede
202401,28,ok
202402,0,falha_rede
202403,0,falha_rede
202404,0,falha_rede
202405,24,ok
202406,0,falha_rede
202407,0,falha_rede
202408,21,ok
202409,0,falha_rede
202410,0,falha_rede
202411,0,falha_rede
202412,0,falha_rede
202501,16,ok
202502,15,ok
202503,0,falha_rede
202504,0,falha_rede
202505,0,falha_rede
202506,0,falha_rede
202507,0,falha_rede
202508,9,ok
202509,0,falha_rede
202510,0,falha_rede
202511,0,falha_rede
202512,5,ok
202601,4,ok
202602,0,falha_rede
202603,2,ok
202604,1,ok
202605,0,falha_rede
202606,0,vazio
202607,0,vazio
202608,0,falha_rede
202609,0,falha_rede
202610,0,vazio
