AnoMes,VALOR,QUANTIDADE,LinhasOrigem
202011,25869846307.88,29524895,1788
202012,107200725983.28,124890953,1959
202101,137919557328.95,169766107,2043
202102,169605200611.96,229417959,2897
202103,238340770220.35,328459612,2096
202104,273600875934.87,410672264,2121
202105,327381527710.6,543277868,2157
202106,361363074005.61,626017643,8270
202107,413422495889.49,745678802,9771
202108,458004548195.06,815190849,8775
202109,479641338711.08,871214150,8752
202110,502076936938.82,979861897,8903
202111,538329957357.92,1035141137,8980
202112,622430760652.77,1224400751,9265
202201,553979254715.74,1093368230,9342
202202,562339048749.77,1162439565,9497
202203,690198169767.02,1362478423,9687
202204,680463238128.66,1419966427,9723
202205,770623389392.44,1575162709,9935
202206,772735613068.59,1633750257,10048
202207,811822138582.14,1749926758,10146
202208,887047951676.72,1858906259,10254
202209,880080246380.07,1921667894,10375
202210,897476854771.21,2048976621,10517
202211,921396464951.4,2103797250,10502
202212,1046789857040.1,2423164689,10670
202301,955287941949.87,2182916966,10634
202302,906265615498.48,2153790143,10631
202303,1098342242072.4,2546013172,10756
202304,1029345903882.67,2519076701,10831
202305,1146807267775.65,2758906073,10897
202306,1157134727019.79,2858428807,10891
202307,1207068806741.86,3077548077,11027
202308,1286766917408.65,3278230437,11067
202309,1277205134951.73,3351055742,10934
202310,1380506540217.41,3554608720,11058
202311,1422089601431.67,3705354264,11126
202312,1600127611630.98,4213424368,11182
202401,1483207502773.69,3850642790,11143
202402,1423260736799.45,3847081494,11179
202403,1591828523866.16,4322927194,11250
202404,1736300646071.14,4345270379,11148
202405,1770723860931.45,4620740116,11179
202406,1776382134249.44,4657223835,11409
202407,1954750075953.24,4786637559,11596
202408,1948182346744.9,5009383921,11434
202409,1937486550942.18,4894958645,11394
202410,2088462978453.34,5096156670,11406
202411,2081560932980.82,5171276538,11415
202412,2329179212746.49,5710113496,11388
202501,2077338552716.09,5060285434,11322
202502,2044475894314.54,4985804933,11301
202503,2172420511192.14,5564431400,11428
202504,2254213813041.34,5598161245,11477
202505,2379223295206.98,5930140613,11510
202506,2395480750525.18,5799009959,11662
202507,2562055966701.68,5996860799,14739
202508,2550273065682.52,6239608083,15451
202509,2651624514106.75,6133276456,15386
202510,2766788281273.47,6453005306,15468
202511,2607786621810.21,6460898392,17285
202512,3146763361528.93,7098633064,16132
202601,2700003643911.11,6364175378,16088
202602,2563439315830.25,5986274045,16038
202603,3012737794734.1,6741996455,13227
202604,2896675312318.1,6680896774,13229
202605,2957488405988.77,7121879045,13632
202606,3044127221869.05,6982273524,13753
202607,3223292570448.9,7238374542,13433
202608,3174483088769.55,7366981446,13374
202609,3225144302036.91,7169724394,13350
